cores,times
1,2707.69835401
3,974.454577923
6,547.329935074
12,322.029649973
24,196.053106785
32,285.786949158
